{
  "3618c87e": {
    "test": [
      {
        "input": [
          [0, 0, 0, 0, 0],
          [0, 0, 0, 0, 0],
          [0, 0, 1, 0, 1],
          [0, 0, 5, 0, 5],
          [5, 5, 5, 5, 5]
        ]
      }
    ],
    "train": [
      {
        "input": [
          [0, 0, 0, 0, 0],
          [0, 0, 0, 0, 0],
          [0, 0, 1, 0, 0],
          [0, 0, 5, 0, 0],
          [5, 5, 5, 5, 5]
        ],
        "output": [
          [0, 0, 0, 0, 0],
          [0, 0, 0, 0, 0],
          [0, 0, 0, 0, 0],
          [0, 0, 5, 0, 0],
          [5, 5, 1, 5, 5]
        ]
      },
      {
        "input": [
          [0, 0, 0, 0, 0],
          [0, 0, 0, 0, 0],
          [0, 1, 0, 1, 0],
          [0, 5, 0, 5, 0],
          [5, 5, 5, 5, 5]
        ],
        "output": [
          [0, 0, 0, 0, 0],
          [0, 0, 0, 0, 0],
          [0, 0, 0, 0, 0],
          [0, 5, 0, 5, 0],
          [5, 1, 5, 1, 5]
        ]
      },
      {
        "input": [
          [0, 0, 0, 0, 0],
          [0, 0, 0, 0, 0],
          [0, 1, 0, 0, 1],
          [0, 5, 0, 0, 5],
          [5, 5, 5, 5, 5]
        ],
        "output": [
          [0, 0, 0, 0, 0],
          [0, 0, 0, 0, 0],
          [0, 0, 0, 0, 0],
          [0, 5, 0, 0, 5],
          [5, 1, 5, 5, 1]
        ]
      }
    ]
  },
  "b1948b0a": {
    "test": [
      {
        "input": [
          [6, 7, 7, 6],
          [6, 7, 6, 7],
          [7, 7, 7, 6],
          [7, 6, 7, 6]
        ]
      }
    ],
    "train": [
      {
        "input": [
          [6, 6, 7, 6],
          [6, 6, 7, 7],
          [7, 7, 6, 7]
        ],
        "output": [
          [2, 2, 7, 2],
          [2, 2, 7, 7],
          [7, 7, 2, 7]
        ]
      },
      {
        "input": [
          [7, 7, 7, 6],
          [6, 6, 7, 6],
          [7, 7, 6, 7],
          [7, 6, 7, 7],
          [7, 6, 7, 6],
          [6, 6, 6, 7]
        ],
        "output": [
          [7, 7, 7, 2],
          [2, 2, 7, 2],
          [7, 7, 2, 7],
          [7, 2, 7, 7],
          [7, 2, 7, 2],
          [2, 2, 2, 7]
        ]
      },
      {
        "input": [
          [7, 7, 6, 6, 6, 6],
          [6, 7, 6, 7, 7, 7],
          [7, 6, 7, 7, 6, 7]
        ],
        "output": [
          [7, 7, 2, 2, 2, 2],
          [2, 7, 2, 7, 7, 7],
          [7, 2, 7, 7, 2, 7]
        ]
      }
    ]
  },
  "25ff71a9": {
    "test": [
      {
        "input": [
          [2, 0, 0],
          [2, 0, 0],
          [0, 0, 0]
        ]
      },
      {
        "input": [
          [0, 0, 0],
          [0, 1, 0],
          [0, 0, 0]
        ]
      }
    ],
    "train": [
      {
        "input": [
          [1, 1, 1],
          [0, 0, 0],
          [0, 0, 0]
        ],
        "output": [
          [0, 0, 0],
          [1, 1, 1],
          [0, 0, 0]
        ]
      },
      {
        "input": [
          [0, 0, 0],
          [1, 1, 1],
          [0, 0, 0]
        ],
        "output": [
          [0, 0, 0],
          [0, 0, 0],
          [1, 1, 1]
        ]
      },
      {
        "input": [
          [0, 1, 0],
          [1, 1, 0],
          [0, 0, 0]
        ],
        "output": [
          [0, 0, 0],
          [0, 1, 0],
          [1, 1, 0]
        ]
      },
      {
        "input": [
          [0, 2, 2],
          [0, 0, 2],
          [0, 0, 0]
        ],
        "output": [
          [0, 0, 0],
          [0, 2, 2],
          [0, 0, 2]
        ]
      }
    ]
  }
}
